{"cameraMode":{"drawMode":0,"name":"Shaded","section":"Shading Mode"},"sceneLighting":false,"audioPlay":false,"sceneViewState":{"showFog":false,"showMaterialUpdate":false,"showSkybox":false,"showFlares":false,"showImageEffects":false,"showParticleSystems":false},"in2DMode":false,"pivot":{"x":1.8114988803863526,"y":-0.3550913333892822,"z":-0.013306794688105584},"rotation":{"x":0.0862995982170105,"y":0.660558819770813,"z":-0.07684311270713806,"w":0.7418544292449951},"size":1.6084232330322266,"orthographic":false}