{"cameraMode":{"drawMode":0,"name":"Shaded","section":"Shading Mode"},"sceneLighting":true,"audioPlay":false,"sceneViewState":{"showFog":false,"showMaterialUpdate":false,"showSkybox":false,"showFlares":false,"showImageEffects":false,"showParticleSystems":false},"in2DMode":false,"pivot":{"x":393.3935546875,"y":211.80958557128907,"z":515.3666381835938},"rotation":{"x":0.08869314193725586,"y":-0.000005030267402617028,"z":0.000001535208639324992,"w":0.996065080165863},"size":524.37548828125,"orthographic":false}