{"cameraMode":{"drawMode":0,"name":"Shaded","section":"Shading Mode"},"sceneLighting":true,"audioPlay":false,"sceneViewState":{"showFog":false,"showMaterialUpdate":false,"showSkybox":false,"showFlares":false,"showImageEffects":false,"showParticleSystems":false},"in2DMode":false,"pivot":{"x":411.36895751953127,"y":387.8176574707031,"z":698.2526245117188},"rotation":{"x":0.03330320492386818,"y":0.005991525948047638,"z":-0.00019477392197586596,"w":0.9994403123855591},"size":401.75396728515627,"orthographic":false}